Nathalie,Auger,,01.00.59.18.38,nathalie.auger@gmail.com,banquier,
Michele,Valentin de la Weber,MARSEILLE 13008,04.51.11.29.08,michele.valentin-de-la-weber@hotmail.fr,technicien,21/10/1987
Auguste,Renard,PARIS 75018,01.00.55.70.47,auguste.renard@outlook.fr,,22/06/1965
Capucine-Lucy,Meunier,,03.78.63.14.85,capucine-lucy.meunier@outlook.fr,acteur,
Gabriel,Gomez,PARIS 75002,01.32.55.94.04,gabriel.gomez@hotmail.fr,medecin,28/06/1990
Benoit,David,PARIS 75016,01.52.32.25.76,benoit.david@server.fr,architecte,06/09/2000
Augustin,Georges,MARSEILLE 13002,04.37.64.13.17,augustin.georges@yahoo.fr,footballeur,15/10/1980
,Dupuis,PARIS 75003,01.77.00.38.71,luce.dupuis@gmail.com,,
Amelie,Le Riviere,,02.40.25.25.35,amelie.le-riviere@hotmail.fr,journaliste,15/07/2001
Nicolas-Noel,Brunet,GIVORS 69700,04.30.41.85.06,nicolas-noel.brunet@gmail.com,journaliste,05/02/1969
Patrick,Hamon,MARSEILLE 13016,04.20.45.82.09,patrick.hamon@gmail.com,,30/12/1981
Louis,du Le Roux,LYON 69009,04.06.80.04.55,louis.du-le-roux@gmail.com,journaliste,03/09/2006
Gilbert-Lucas,Rodrigues,BRON 69500,04.06.20.37.88,gilbert-lucas.rodrigues@gmail.com,,
Helene,Fontaine,NICE 06200,04.12.19.62.40,helene.fontaine@gmail.com,medecin,29/06/1954
,Pasquier,CHAMPAGNE-AU-MONT-D'OR 69410,04.24.88.65.94,yves.pasquier@server.fr,avocat,24/07/1960
Alice,Giraud,,02.36.31.83.52,alice.giraud@hotmail.fr,informaticien,
,Blot,PARIS 75013,01.79.80.87.86,rene.blot@gmail.com,avocat,17/07/1998
Martin,Mary,LE HAVRE 76610,02.79.44.26.30,martin.mary@outlook.fr,,
Jacques,de Fernandes,DECINES-CHARPIEU 69150,04.85.98.38.88,jacques.de-fernandes@gmail.com,chef d'entreprise,12/05/1973
Francois-Eugene,Louis,,04.14.80.32.56,francois-eugene.louis@yahoo.fr,,
Laurent,Baron du Guilbert,MARSEILLE 13013,04.78.56.09.05,laurent.baron-du-guilbert@gmail.com,,
Alex,Dufour,LYON 69008,04.86.11.11.30,alex.dufour@gmail.com,,17/11/1965
Emile,Auger,,04.63.95.75.35,emile.auger@yahoo.fr,,11/04/1973
Marianne,Hardy-Albert,PARIS 75116,01.91.51.28.69,marianne.hardy-albert@gmail.com,,03/01/2004
Maurice,Pires,NICE 06000,04.67.60.01.68,maurice.pires@server.fr,,
Edouard,de Gonzalez,MARSEILLE 13004,04.81.79.25.48,edouard.de-gonzalez@server.fr,,
Oceane-Susanne,Lemaitre,,01.30.54.69.07,oceane-susanne.lemaitre@hotmail.fr,boulanger,19/02/1984
Elisabeth,Durand,,01.32.26.95.36,elisabeth.durand@yahoo.fr,,04/05/1993
Auguste,Nguyen,MARSEILLE 13009,04.56.37.91.72,auguste.nguyen@hotmail.fr,,05/06/1980
Martine,Camus,NANTES 44200,02.08.41.97.92,martine.camus@yahoo.fr,chercheur,
Vincent,Hoarau,,01.44.56.88.61,vincent.hoarau@yahoo.fr,militaire,30/05/2000
Jacques,Gregoire,TOULOUSE 31000,05.33.68.88.73,jacques.gregoire@gmail.com,,
Philippe,Dupont,LILLE 59000,03.46.85.68.40,philippe.dupont@hotmail.fr,informaticien,
Agnes,Leconte,TOULOUSE 31200,05.31.62.21.78,agnes.leconte@yahoo.fr,,
Thomas,Lefebvre de Tanguy,,04.52.47.55.32,thomas.lefebvre-de-tanguy@outlook.fr,ouvrier,14/06/2005
,Normand-Humbert,PARIS 75004,01.97.20.84.08,marcelle.normand-humbert@gmail.com,,11/04/1988
,Gomez-Thierry,PARIS 75008,01.20.63.21.60,jean.gomez-thierry@outlook.fr,,15/11/1987
Dorothee,Bonnin,PARIS 75001,01.82.45.14.67,dorothee.bonnin@gmail.com,chercheur,19/11/1997
Matthieu,Philippe Le Denis,NICE 06200,04.69.15.69.46,matthieu.philippe-le-denis@yahoo.fr,,22/08/1970
Maryse,Girard-Fontaine,TOULOUSE 31300,05.34.36.38.37,maryse.girard-fontaine@hotmail.fr,comptable,24/02/1981
Alain,Legrand,MONTPELLIER 34000,04.07.02.73.78,alain.legrand@outlook.fr,chef d'entreprise,
,Bernard,LYON 69005,04.67.43.50.05,margaud.bernard@gmail.com,footballeur,13/01/1970
Gilbert,Fontaine de la Barbier,MARSEILLE 13007,04.43.72.14.95,gilbert.fontaine-de-la-barbier@hotmail.fr,technicien,
Elise,Roussel,TOULOUSE 31200,05.55.74.58.84,elise.roussel@gmail.com,ouvrier,
Julie,Le Durand,PARIS 75011,01.07.57.29.11,julie.le-durand@hotmail.fr,technicien,04/10/1972
Josette,de la Daniel,PARIS 75004,01.63.60.82.11,josette.de-la-daniel@outlook.fr,avocat,28/10/1985
,Vincent,,01.61.19.31.53,daniel.vincent@hotmail.fr,,
,Le Paul,MARSEILLE 13016,04.32.31.94.41,theophile.le-paul@hotmail.fr,technicien,07/12/1984
Edith-Audrey,Torres,MARSEILLE 13002,04.00.04.53.50,edith-audrey.torres@outlook.fr,acteur,
Anne-Christine,Bonnin,,04.18.63.50.30,anne-christine.bonnin@hotmail.fr,boulanger,13/07/1999
,Chauvet,PARIS 75019,01.59.78.33.38,emile.chauvet@outlook.fr,informaticien,
Luc,Pelletier-Roger,NICE 06100,04.46.39.17.47,luc.pelletier-roger@server.fr,medecin,18/03/1994
Charlotte,Vasseur de la Leclerc,ST ETIENNE 42100,04.26.18.96.25,charlotte.vasseur-de-la-leclerc@outlook.fr,informaticien,01/02/1973
Francoise-Lucie,Chartier,,04.76.41.69.30,,technicien,
Bernadette,Brunel,NICE 06100,04.56.14.38.50,,journaliste,
,Louis du Besson,,02.66.93.18.23,juliette.louis-du-besson@server.fr,,08/06/1990
Elodie,Labbe,MARSEILLE 13006,04.20.64.32.93,elodie.labbe@gmail.com,,
Amelie,Blin,,04.62.42.46.17,amelie.blin@outlook.fr,journaliste,
Victoire,Le Courtois,,01.25.42.90.47,victoire.le-courtois@gmail.com,,30/05/1993
,Carre,RENNES 35700,02.12.73.72.15,colette.carre@gmail.com,architecte,16/11/1954
Clemence,Briand,PARIS 75017,01.22.79.30.77,clemence.briand@gmail.com,,02/03/1975
,Besson,TOULOUSE 31000,05.95.37.77.41,martine.besson@outlook.fr,boulanger,01/11/1967
Guillaume,Dos Santos,PIERRE BENITE 69310,04.01.82.74.08,guillaume.dos-santos@gmail.com,avocat,27/04/1995
Audrey,Navarro du Fontaine,PARIS 75003,01.57.27.12.86,audrey.navarro-du-fontaine@hotmail.fr,comptable,
Franck-Xavier,Humbert,,01.16.18.58.82,franck-xavier.humbert@hotmail.fr,barman,
Auguste,Leconte,LYON 69009,04.63.76.40.46,auguste.leconte@yahoo.fr,,11/11/1959
Aurelie,Benoit,,02.14.78.82.56,aurelie.benoit@gmail.com,avocat,
,Herve,PARIS 75011,01.06.46.23.04,vincent.herve@yahoo.fr,,10/03/2002
Anne,Brun,TOULOUSE 31000,05.38.91.60.56,anne.brun@hotmail.fr,enseignant,
Jerome,Bertin,LYON 69004,04.85.40.49.76,jerome.bertin@outlook.fr,banquier,15/07/1984
Agathe,Leclerc de Le Goff,TOULON 83100,04.98.84.24.21,agathe.leclerc-de-le-goff@gmail.com,,15/04/1964
Eric,Guichard,GRENOBLE 38000,04.03.96.96.16,eric.guichard@gmail.com,journaliste,03/06/1975
,Dubois,STRASBOURG 67200,03.20.81.53.76,aime-raymond.dubois@outlook.fr,footballeur,17/01/1956
Celina,Martin,NANTES 44300,02.09.40.96.78,celina.martin@gmail.com,ouvrier,
Daniel,Dumas,,02.50.55.67.88,daniel.dumas@gmail.com,,
,Moreno,AIX-EN-PROVENCE 13090,04.15.89.59.72,corinne.moreno@outlook.fr,ouvrier,11/04/1985
,Perez,MARSEILLE 13013,04.39.48.79.96,,,
Benjamin,De Oliveira,LE HAVRE 76600,02.19.74.16.53,benjamin.de-oliveira@outlook.fr,,03/10/1979
Louise,Dos Santos de Vallee,RENNES 35000,02.37.51.17.23,louise.dos-santos-de-vallee@hotmail.fr,,
Camille-Maryse,Delaunay,,05.27.08.94.95,camille-maryse.delaunay@outlook.fr,,26/08/1961
Augustin-Eugene,Guerin,,05.78.75.16.57,augustin-eugene.guerin@outlook.fr,enseignant,14/04/1977
Richard,Carre de la Buisson,PARIS 75116,01.22.94.12.65,richard.carre-de-la-buisson@yahoo.fr,avocat,01/04/1973
,Marques de la Charles,TOULOUSE 31200,05.28.41.33.55,antoinette.marques-de-la-charles@gmail.com,footballeur,02/11/1987
Genevieve,Guerin de la Gros,,02.21.90.41.80,genevieve.guerin-de-la-gros@gmail.com,avocat,
daisy,Poulain,,04.59.37.69.88,daisy.poulain@gmail.com,chauffeur,04/04/1968
Francoise,Delaunay,BORDEAUX 33100,05.19.13.26.39,francoise.delaunay@yahoo.fr,avocat,03/09/1954
Marthe,Diaz de la Dumas,,02.76.37.28.49,marthe.diaz-de-la-dumas@gmail.com,,23/07/1983
Laurent,Chartier,ST ETIENNE 42100,04.82.49.76.58,laurent.chartier@gmail.com,,02/05/2005
Olivier,du Lebreton,,04.26.35.20.60,olivier.du-lebreton@outlook.fr,banquier,02/12/1960
Auguste,Robert,LYON 69007,04.00.66.03.73,auguste.robert@outlook.fr,banquier,
Susan,de Guyot,PARIS 75001,01.41.50.93.00,susan.de-guyot@gmail.com,journaliste,02/12/1981
Victor,Guerin,LYON 69004,04.78.31.21.75,victor.guerin@outlook.fr,footballeur,
Eric,Lombard,NICE 06200,04.91.06.80.07,eric.lombard@outlook.fr,agriculteur,23/06/1965
,Le Roux,LYON 69009,04.51.84.07.15,,,31/01/1955
Celine,Boulay,PARIS 75001,01.17.92.52.56,celine.boulay@server.fr,medecin,
Gerard-Eric,Maillard,PARIS 75003,01.73.58.73.37,gerard-eric.maillard@gmail.com,ouvrier,08/07/1979
Lucy,Menard,,02.19.06.67.38,lucy.menard@outlook.fr,boulanger,05/11/1959
Augustin,Letellier,LILLE 59260,03.31.85.71.35,augustin.letellier@yahoo.fr,,
Alix,de Roy,LE HAVRE 76610,02.69.05.75.92,alix.de-roy@hotmail.fr,,
Etienne,Roche,,05.86.42.22.57,etienne.roche@gmail.com,,28/05/1991
